City_ID,City,Country,Lat,Lng,Max Temp,Humidity,Cloudiness,Wind Speed,Current Description
0,Newport,GB,51.5877,-2.9984,55.94,79,0,20.02,clear sky
1,Mataura,NZ,-46.1927,168.8643,37.47,89,100,8.08,overcast clouds
2,Ushuaia,AR,-54.8,-68.3,51.46,43,40,11.5,scattered clouds
3,Phillaur,IN,31.0292,75.7842,75.13,57,0,7.05,clear sky
4,Chuy,UY,-33.6971,-53.4616,63.72,67,90,13.53,overcast clouds
5,Viedma,AR,-40.8135,-62.9967,73.51,24,19,15.3,few clouds
6,Punta Arenas,CL,-53.15,-70.9167,53.71,43,75,16.11,broken clouds
7,Thompson,CA,55.7435,-97.8558,32.16,69,75,18.41,broken clouds
8,Jamestown,US,42.097,-79.2353,67.05,45,0,11.5,clear sky
9,Ocos,GT,14.5094,-92.1933,83.23,72,100,4.99,overcast clouds
10,Mahebourg,MU,-20.4081,57.7,71.89,73,40,8.05,scattered clouds
11,New Norfolk,AU,-42.7826,147.0587,49.5,69,100,1.99,overcast clouds
12,Cape Town,ZA,-33.9258,18.4232,60.1,62,0,5.99,clear sky
13,Cabo San Lucas,MX,22.8909,-109.9124,91.62,57,6,4.18,clear sky
14,Bredasdorp,ZA,-34.5322,20.0403,51.37,90,0,5.28,clear sky
15,Pagudpud,PH,18.5616,120.7868,78.94,85,23,11.36,few clouds
16,Puerto Madryn,AR,-42.7692,-65.0385,66.27,31,2,21.68,clear sky
17,Rokytne,UA,51.2796,27.214,51.35,78,100,9.26,overcast clouds
18,Tuatapere,NZ,-46.1333,167.6833,38.01,85,100,14.56,overcast clouds
19,Hobart,AU,-42.8794,147.3294,49.86,81,75,13.8,broken clouds
20,Dikson,RU,73.5069,80.5464,30.49,76,92,6.55,overcast clouds
21,Qaanaaq,GL,77.484,-69.3632,6.98,73,50,7.72,scattered clouds
22,Quatre Cocos,MU,-20.2078,57.7625,71.71,69,57,13.31,broken clouds
23,Tripoli,LY,32.8752,13.1875,74.79,58,3,15.05,clear sky
24,Albany,US,42.6001,-73.9662,64.89,74,98,3.78,overcast clouds
25,Vaini,TO,-21.2,-175.2,76.48,87,100,13.56,light rain
26,Moussoro,TD,13.6408,16.4901,92.8,29,83,4.61,broken clouds
27,Marsa Matruh,EG,31.3525,27.2453,73.6,60,0,11.5,clear sky
28,Rikitea,PF,-23.1203,-134.9692,69.01,64,0,22.28,clear sky
29,Pangoa,PE,-12.1167,-73.0,85.93,56,100,2.3,overcast clouds
30,Caravelas,BR,-17.7125,-39.2481,77.31,75,79,11.16,broken clouds
31,Tiksi,RU,71.6872,128.8694,23.16,78,96,19.26,overcast clouds
32,Kapaa,US,22.0752,-159.319,80.58,83,100,5.75,light rain
33,North Bend,US,43.4065,-124.2243,70.16,88,0,6.91,clear sky
34,Lompoc,US,34.6391,-120.4579,90.01,82,20,5.01,few clouds
35,Hermanus,ZA,-34.4187,19.2345,55.8,81,0,12.68,clear sky
36,Lufilufi,WS,-13.8745,-171.5986,83.98,79,31,21.09,light rain
37,Svobodnyy,RU,51.4,128.1333,28.15,64,16,8.46,few clouds
38,Avarua,CK,-21.2078,-159.775,77.05,69,40,17.27,scattered clouds
39,Yumen,CN,40.2833,97.2,41.09,58,6,4.18,clear sky
40,Fremont,US,37.5483,-121.9886,88.61,57,0,5.75,haze
41,Srednekolymsk,RU,67.45,153.6833,20.53,88,100,23.2,light snow
42,Sao Filipe,CV,14.8961,-24.4956,79.45,80,50,6.76,scattered clouds
43,Beringovskiy,RU,63.05,179.3167,44.19,92,100,27.98,moderate rain
44,Chokwe,MZ,-24.5333,32.9833,75.97,71,0,4.83,clear sky
45,Pervomayskoye,RU,43.919,46.7102,66.33,63,100,9.37,overcast clouds
46,Hilo,US,19.7297,-155.09,86.29,75,40,3.44,scattered clouds
47,Chokurdakh,RU,70.6333,147.9167,16.18,97,96,5.61,overcast clouds
48,Castro,BR,-24.7911,-50.0119,72.81,70,100,2.24,overcast clouds
49,Kavaratti,IN,10.5669,72.642,81.19,79,78,15.39,broken clouds
50,Sao Joao Da Barra,BR,-21.6403,-41.0511,77.09,85,73,11.1,broken clouds
51,Manokwari,ID,-0.8667,134.0833,77.54,76,99,2.35,overcast clouds
52,Norman Wells,CA,65.282,-126.8329,42.84,75,40,13.8,scattered clouds
53,Khatanga,RU,71.9667,102.5,6.4,99,84,3.0,broken clouds
54,Ranong,TH,9.9658,98.6348,77.61,91,100,3.71,overcast clouds
55,Yellowknife,CA,62.456,-114.3525,37.92,65,75,12.66,broken clouds
56,Abnub,EG,27.2696,31.1511,80.82,32,0,7.67,clear sky
57,Lagoa,PT,39.05,-27.9833,69.01,84,100,20.71,light rain
58,Constitucion,CL,-35.3333,-72.4167,57.38,70,2,13.31,clear sky
59,Nivala,FI,63.9167,24.9667,46.69,98,100,9.04,overcast clouds
60,Port Alfred,ZA,-33.5906,26.891,62.19,89,93,5.01,overcast clouds
61,Bengkulu,ID,-3.8004,102.2655,76.1,84,100,3.15,moderate rain
62,Busselton,AU,-33.65,115.3333,48.6,63,12,8.5,few clouds
63,Lavrentiya,RU,65.5833,-171.0,38.43,90,100,23.24,overcast clouds
64,Bilibino,RU,68.0546,166.4372,21.13,88,100,7.61,light snow
65,Bluff,NZ,-46.6,168.3333,38.8,69,94,22.03,overcast clouds
66,Mehamn,NO,71.0357,27.8492,42.75,75,0,19.57,clear sky
67,Katsuura,JP,35.1333,140.3,59.02,86,100,24.14,light rain
68,Vryburg,ZA,-26.9566,24.7284,70.07,21,89,4.07,overcast clouds
69,Port Elizabeth,ZA,-33.918,25.5701,61.32,85,40,9.22,scattered clouds
70,Arraial Do Cabo,BR,-22.9661,-42.0278,71.46,78,100,10.36,overcast clouds
71,Ponta Do Sol,PT,32.6667,-17.1,73.0,89,100,5.95,overcast clouds
72,Hithadhoo,MV,-0.6,73.0833,82.27,74,100,18.43,overcast clouds
73,Bassila,BJ,9.0081,1.6654,73.04,92,100,4.09,overcast clouds
74,Tangping,CN,22.0265,111.9323,75.56,91,9,4.27,clear sky
75,Kahului,US,20.8947,-156.47,86.02,68,40,13.8,scattered clouds
76,Talnakh,RU,69.4865,88.3972,23.49,93,87,3.38,overcast clouds
77,Upernavik,GL,72.7868,-56.1549,19.15,79,56,5.12,broken clouds
78,Narsaq,GL,60.9167,-46.05,36.07,90,100,11.92,overcast clouds
79,Gualeguaychu,AR,-33.0094,-58.5172,77.18,29,100,12.48,overcast clouds
80,San Vito,CR,8.8208,-82.9709,70.97,90,100,3.06,overcast clouds
81,East London,ZA,-33.0153,27.9116,65.91,82,100,9.78,overcast clouds
82,Marsala,IT,37.7966,12.4352,70.93,73,0,4.61,clear sky
83,Yar-Sale,RU,66.8333,70.8333,33.03,90,26,8.81,scattered clouds
84,San Jeronimo,PE,-11.9472,-75.2829,67.03,27,35,3.83,scattered clouds
85,Atuona,PF,-9.8,-139.0333,77.31,71,1,14.99,clear sky
86,Omsukchan,RU,62.5333,155.8,11.48,95,100,6.13,overcast clouds
87,Victoria Point,AU,-27.5833,153.3,63.91,90,100,5.86,overcast clouds
88,Ihosy,MG,-22.4,46.1167,68.27,65,0,7.52,clear sky
89,Saskylakh,RU,71.9167,114.0833,4.24,98,81,4.56,broken clouds
90,Susangerd,IR,31.5608,48.1831,89.28,14,0,11.52,clear sky
91,Tsiroanomandidy,MG,-18.7667,46.0333,73.65,31,0,2.71,clear sky
92,Camana,PE,-16.6228,-72.7111,63.28,71,72,11.07,broken clouds
93,Bisert,RU,56.8617,59.0523,44.62,53,100,5.28,overcast clouds
94,Port Augusta,AU,-32.5,137.7667,57.61,81,0,1.59,clear sky
95,Saldanha,ZA,-33.0117,17.9442,57.25,77,1,9.28,clear sky
96,Sitka,US,57.0531,-135.33,60.69,77,100,17.27,light rain
97,Port Hardy,CA,50.6996,-127.4199,60.98,82,75,3.44,broken clouds
98,Saryozek,KZ,44.3583,77.9753,45.0,57,0,3.38,clear sky
99,Martil,MA,35.6166,-5.2752,71.56,73,40,4.61,scattered clouds
100,Butaritari,KI,3.0707,172.7902,81.79,71,9,20.27,clear sky
101,Dingle,PH,10.9995,122.6711,76.57,89,99,6.15,overcast clouds
102,Ahar,IR,38.4774,47.0699,61.81,52,0,1.9,clear sky
103,Comodoro Rivadavia,AR,-45.8667,-67.5,64.26,24,20,24.16,few clouds
104,Padang,ID,-0.9492,100.3543,76.93,87,100,4.27,overcast clouds
105,Terney,RU,45.0503,136.6092,36.0,65,3,7.76,clear sky
106,Yambio,SS,4.5721,28.3955,68.61,96,66,3.51,moderate rain
107,Nabire,ID,-3.3667,135.4833,74.71,93,92,3.22,overcast clouds
108,Yining,CN,29.0361,114.5636,57.15,85,100,2.46,overcast clouds
109,Dakar,SN,14.6937,-17.4441,84.33,84,40,13.8,scattered clouds
110,Swellendam,ZA,-34.0226,20.4417,52.57,92,3,4.88,clear sky
111,Quelimane,MZ,-17.8786,36.8883,76.95,88,0,8.05,clear sky
112,Nome,US,64.5011,-165.4064,32.07,86,0,0.0,clear sky
113,Ahmadpur,IN,18.7,76.9333,71.17,98,100,5.21,moderate rain
114,Outlook,CA,51.5001,-107.0513,52.23,42,100,11.23,overcast clouds
115,Waddan,LY,29.1614,16.139,74.37,57,0,12.59,clear sky
116,Labuhan,ID,-6.8844,112.2051,77.29,84,100,11.65,overcast clouds
117,Mount Barker,AU,-35.0667,138.8667,53.67,97,0,4.36,clear sky
118,Pimentel,PE,-6.8367,-79.9342,70.09,60,0,21.85,clear sky
119,Port-Gentil,GA,-0.7193,8.7815,78.76,83,40,9.22,scattered clouds
120,Lamu,KE,-2.2717,40.902,77.22,87,20,14.07,few clouds
121,Kodiak,US,57.79,-152.4072,53.11,87,100,19.57,moderate rain
122,Aklavik,CA,68.2191,-135.0107,32.67,89,100,14.05,overcast clouds
123,Lasa,IT,46.6166,10.7002,58.08,84,25,2.55,scattered clouds
124,Lucea,JM,18.451,-78.1736,85.86,73,19,10.65,few clouds
125,Ayan,RU,56.45,138.1667,30.94,54,90,16.08,overcast clouds
126,Puerto Ayora,EC,-0.7393,-90.3518,76.96,88,76,5.99,broken clouds
127,Antalaha,MG,-14.9003,50.2788,67.75,87,1,6.76,clear sky
128,Le Port,RE,-20.9373,55.2919,69.8,79,72,3.4,broken clouds
129,Canyon,US,34.9803,-101.9188,70.65,66,100,9.86,overcast clouds
130,Ecublens,CH,46.529,6.5626,64.4,72,0,6.33,clear sky
131,Bara,NG,10.3744,10.7288,75.04,82,15,3.51,light rain
132,Killarney,IE,52.05,-9.5167,51.49,74,0,10.83,clear sky
133,Zhezkazgan,KZ,47.8043,67.7144,47.57,22,0,8.66,clear sky
134,Pavlovsk,RU,50.4578,40.1081,46.29,86,47,8.41,scattered clouds
135,Tuktoyaktuk,CA,69.4541,-133.0374,32.0,100,100,13.8,overcast clouds
136,Barrow,US,71.2906,-156.7887,37.42,65,40,24.16,scattered clouds
137,Beloha,MG,-25.1667,45.05,68.38,88,0,4.7,clear sky
138,Ninghai,CN,29.2892,121.4247,64.49,87,100,3.29,overcast clouds
139,Touros,BR,-5.1989,-35.4608,79.32,79,0,14.58,clear sky
140,Ulladulla,AU,-35.35,150.4667,56.3,94,100,14.16,light rain
141,El Alto,PE,-4.2714,-81.2147,71.26,72,38,18.25,scattered clouds
142,Rio Grande,BR,-32.035,-52.0986,73.51,75,54,17.74,broken clouds
143,Changde,CN,29.0464,111.6783,50.05,74,100,10.45,overcast clouds
144,La Ronge,CA,55.1001,-105.2842,43.02,45,40,6.91,scattered clouds
145,Carnarvon,AU,-24.8667,113.6333,62.92,61,21,23.67,few clouds
146,Aitape,PG,-3.1374,142.3475,78.28,87,100,7.16,overcast clouds
147,Acapulco,MX,16.8634,-99.8901,84.74,70,11,4.83,few clouds
148,Bandar-E Lengeh,IR,26.5579,54.8807,86.79,68,0,9.24,clear sky
149,Valparaiso,CL,-33.0393,-71.6273,64.63,86,40,11.5,scattered clouds
150,Goderich,CA,43.7501,-81.7165,66.52,55,29,6.91,scattered clouds
151,Haines Junction,CA,60.7522,-137.5108,42.75,75,100,1.14,overcast clouds
152,Bathsheba,BB,13.2167,-59.5167,81.21,83,75,24.16,broken clouds
153,Molaoi,GR,36.8076,22.8513,63.59,54,7,13.2,clear sky
154,Waipawa,NZ,-41.4122,175.5153,36.86,85,99,18.77,overcast clouds
155,Esperance,AU,-33.8667,121.9,51.08,77,64,19.04,light rain
156,Jiamusi,CN,46.8333,130.35,31.42,52,0,6.53,clear sky
157,Ancud,CL,-41.8697,-73.8203,48.42,92,100,25.64,moderate rain
158,Rapid Valley,US,44.0625,-103.1463,75.63,38,0,13.0,clear sky
159,Bembereke,BJ,10.2283,2.6634,73.62,88,98,2.59,light rain
160,Kavieng,PG,-2.5744,150.7967,81.93,77,100,13.22,light rain
161,Necochea,AR,-38.5473,-58.7368,60.48,66,100,5.7,moderate rain
162,Brandon,US,27.9378,-82.2859,85.91,63,40,6.91,scattered clouds
163,Nikolskoye,RU,59.7035,30.7861,46.8,96,90,5.61,overcast clouds
164,Axim,GH,4.8699,-2.2405,76.62,89,5,6.51,clear sky
165,Ahipara,NZ,-35.1667,173.1667,53.11,67,99,19.24,overcast clouds
166,Pisco,PE,-13.7,-76.2167,66.25,63,0,8.05,clear sky
167,Ribeira Grande,PT,38.5167,-28.7,70.2,88,75,9.22,broken clouds
168,Piracanjuba,BR,-17.3028,-49.0167,85.05,42,94,2.42,overcast clouds
169,Sioux Lookout,CA,50.1001,-91.917,50.07,100,100,6.91,light intensity shower rain
170,Barahona,DO,18.2085,-71.1008,91.22,70,40,14.97,scattered clouds
171,Nanortalik,GL,60.1432,-45.2371,37.9,87,51,13.71,broken clouds
172,Anchorage,US,61.2181,-149.9003,57.87,81,100,8.05,light rain
173,Bilma,NE,18.6853,12.9164,92.05,16,9,8.14,clear sky
174,Yelets,RU,52.6237,38.5017,45.81,88,95,8.61,overcast clouds
175,Saint-Philippe,RE,-21.3585,55.7679,69.39,79,53,10.0,broken clouds
176,Nizhniy Kuranakh,RU,58.8353,125.4869,27.55,96,100,9.75,snow
177,Jiaocheng,CN,24.6774,116.1389,75.29,83,78,1.1,broken clouds
178,Suba,PH,10.8438,121.0102,83.66,77,100,11.16,overcast clouds
179,Alta Floresta,BR,-9.8756,-56.0861,96.62,41,40,5.75,scattered clouds
180,Half Moon Bay,US,37.4636,-122.4286,82.81,74,100,6.91,overcast clouds
181,Port Lincoln,AU,-34.7333,135.8667,54.03,91,3,7.94,clear sky
182,Luderitz,NA,-26.6481,15.1594,56.48,77,19,18.19,few clouds
183,Tual,ID,-5.6667,132.75,82.8,75,100,7.56,overcast clouds
184,Coquimbo,CL,-29.9533,-71.3436,64.13,59,20,16.11,few clouds
185,Calatagan,PH,13.8833,120.65,79.05,87,99,11.25,overcast clouds
186,Rognan,NO,67.0953,15.3878,50.14,91,100,7.72,overcast clouds
187,Manzanillo,CU,20.3433,-77.1167,87.1,64,49,5.44,scattered clouds
188,Kota Kinabalu,MY,5.9749,116.0724,76.98,88,20,3.44,few clouds
189,Hameenlinna,FI,60.996,24.4643,53.15,98,100,8.66,overcast clouds
190,Kyra,RU,49.5776,111.9753,22.5,75,32,3.27,scattered clouds
191,Lebu,CL,-37.6167,-73.65,54.59,69,100,9.84,overcast clouds
192,Sobolevo,RU,54.4299,31.8996,45.23,97,100,9.22,overcast clouds
193,Bima,ID,-8.4667,118.7167,76.6,93,94,4.25,overcast clouds
194,Lahad Datu,MY,5.0268,118.327,74.77,94,29,2.91,scattered clouds
195,Bluffton,US,32.2371,-80.8604,78.87,46,0,5.01,clear sky
196,Bentiu,SS,9.2333,29.8333,70.9,97,100,6.4,moderate rain
197,Gualaceo,EC,-2.9,-78.7833,76.66,65,82,5.14,light rain
198,Avera,US,33.194,-82.5271,79.56,20,0,5.32,clear sky
199,Charters Towers,AU,-20.1,146.2667,65.08,89,2,7.45,clear sky
200,Winnemucca,US,40.973,-117.7357,75.25,19,0,6.91,clear sky
201,Nouadhibou,MR,20.931,-17.0347,87.78,40,28,6.91,sand
202,Mar Del Plata,AR,-38.0023,-57.5575,60.82,88,100,10.36,overcast clouds
203,Severo-Kurilsk,RU,50.6789,156.125,42.53,63,65,17.34,broken clouds
204,Vagay,RU,57.9375,69.0217,45.95,58,100,5.01,overcast clouds
205,Bousso,TD,10.4795,16.7117,75.76,78,77,1.63,broken clouds
206,San Patricio,US,28.017,-97.5169,89.19,33,48,8.77,scattered clouds
207,Ewo,CG,-0.8725,14.8206,77.45,78,99,4.0,overcast clouds
208,Osakarovka,KZ,50.565,72.5692,44.76,53,11,0.74,few clouds
209,Georgetown,MY,5.4112,100.3354,77.9,97,40,2.3,moderate rain
210,Aguadilla,PR,18.4275,-67.1541,87.93,74,100,11.5,moderate rain
211,Imeni Zhelyabova,RU,58.9544,36.5956,42.89,94,95,3.4,overcast clouds
212,Ayia Galini,GR,35.1,24.6833,68.76,45,13,11.01,few clouds
213,Talakan,RU,50.3167,130.3667,28.4,71,55,6.62,broken clouds
214,Olinda,BR,-8.0089,-34.8553,80.33,74,40,6.91,scattered clouds
215,Lorengau,PG,-2.0226,147.2712,82.29,74,41,11.52,scattered clouds
216,Gurupa,BR,-1.405,-51.64,88.5,49,91,4.09,overcast clouds
217,Dunedin,NZ,-45.8742,170.5036,36.86,82,100,19.1,overcast clouds
218,Ugoofaaru,MV,5.6667,73.0,81.5,78,100,18.72,overcast clouds
219,Faya,SA,18.3851,42.4509,72.12,30,44,7.81,scattered clouds
220,Victoria,HK,22.2855,114.1577,83.32,79,41,11.01,scattered clouds
221,Udachnyy,RU,66.4167,112.4,26.46,85,99,7.81,overcast clouds
222,Murmashi,RU,68.8154,32.8115,41.41,100,75,4.47,broken clouds
223,Morondava,MG,-20.2833,44.2833,75.36,83,0,5.17,clear sky
224,Gornopravdinsk,RU,60.05,69.9,43.47,96,100,6.08,overcast clouds
225,Lata,PT,40.1629,-8.3327,66.92,82,0,2.17,clear sky
226,Gweta,BW,-20.1833,25.2333,78.28,21,3,5.82,clear sky
227,Boueni,YT,-12.9025,45.0761,76.98,75,1,8.1,clear sky
228,Shihezi,CN,44.3,86.0333,52.5,33,0,2.55,clear sky
229,Klaksvik,FO,62.2266,-6.589,47.32,75,20,30.33,few clouds
230,Geraldton,AU,-28.7667,114.6,54.01,87,75,8.05,broken clouds
231,Erzin,TR,36.9559,36.2,70.2,81,46,2.35,scattered clouds
232,Saint-Pierre,RE,-21.3393,55.4781,69.48,68,0,5.75,clear sky
233,Canutama,BR,-6.5339,-64.3831,91.22,42,72,0.34,broken clouds
234,Porto Novo,BJ,6.4965,2.6036,80.42,86,35,7.09,scattered clouds
235,Tasiilaq,GL,65.6145,-37.6368,21.74,62,72,5.26,broken clouds
236,Zharkent,KZ,44.1628,80.0,53.89,50,0,4.5,clear sky
237,Vostok,RU,46.4856,135.8833,25.93,78,28,5.5,scattered clouds
238,Ordzhonikidze,KZ,52.4411,61.7408,49.59,24,100,8.1,overcast clouds
239,West Bay,KY,19.3667,-81.4167,87.87,67,20,9.22,few clouds
240,Cidreira,BR,-30.1811,-50.2056,64.4,76,54,16.75,broken clouds
241,Roma,US,43.2128,-75.4557,71.51,49,0,4.79,clear sky
242,Meulaboh,ID,4.1363,96.1285,74.19,93,100,2.91,overcast clouds
243,Gorontalo,ID,0.5412,123.0595,74.12,95,100,2.37,overcast clouds
244,Yulara,AU,-25.2406,130.9889,65.07,31,0,4.18,clear sky
245,Marawi,PH,7.9986,124.2928,68.47,91,100,0.47,overcast clouds
246,Hurghada,EG,27.2574,33.8129,84.24,54,0,9.22,clear sky
247,Chongqing,CN,29.5628,106.5528,65.23,89,100,11.18,overcast clouds
248,Kokopo,PG,-4.352,152.2633,77.04,79,100,4.52,overcast clouds
249,Torbay,CA,47.6666,-52.7314,62.89,51,20,14.97,few clouds
250,Hualmay,PE,-11.0964,-77.6139,66.06,67,11,13.67,few clouds
251,Dauphin,CA,51.1494,-100.0502,46.54,76,100,20.71,overcast clouds
252,Okhotsk,RU,59.3833,143.3,29.37,55,100,9.15,overcast clouds
253,Zhigansk,RU,66.7697,123.3711,24.21,93,100,11.74,overcast clouds
254,Kichera,RU,55.9375,110.0997,21.63,73,66,4.25,broken clouds
255,Dzhebariki-Khaya,RU,62.2167,135.8,5.85,97,35,1.45,scattered clouds
256,Hobyo,SO,5.3505,48.5268,77.11,87,51,19.91,broken clouds
257,Yuli,NG,9.6989,10.2744,75.27,80,22,1.45,light rain
258,Yueyang,CN,29.3333,113.0919,50.43,88,100,11.77,overcast clouds
259,Una,IN,20.8167,71.0333,78.78,72,97,13.06,overcast clouds
260,Hofn,IS,64.2539,-15.2082,43.86,58,6,12.77,clear sky
261,Jiehu,CN,35.5428,118.455,51.64,66,100,3.53,overcast clouds
262,Aneho,TG,6.2333,1.6,79.0,86,42,10.54,scattered clouds
263,Codrington,AU,-38.2667,141.9667,54.86,93,100,11.27,overcast clouds
264,Bushehr,IR,28.9684,50.8385,87.89,58,0,0.0,clear sky
265,Young,UY,-32.6833,-57.6333,72.64,44,51,11.83,broken clouds
266,Itoman,JP,26.1247,127.6694,78.82,83,100,13.8,overcast clouds
267,San Juan,AR,-31.5375,-68.5364,60.51,46,100,16.4,overcast clouds
268,Dalvik,IS,65.9702,-18.5286,40.93,98,100,9.8,overcast clouds
269,Fort Nelson,CA,58.8053,-122.7002,40.59,81,75,3.44,mist
270,Flinders,AU,-34.5833,150.8552,58.37,92,100,3.0,light rain
271,Guarapari,BR,-20.6667,-40.4975,75.88,90,77,4.05,broken clouds
272,Jiuquan,CN,39.7432,98.5174,40.21,41,0,1.1,clear sky
273,Gizo,SB,-8.103,156.8419,81.73,75,67,7.85,broken clouds
274,Ferme-Neuve,CA,46.7001,-75.4493,68.67,58,18,5.57,few clouds
275,Kaitangata,NZ,-46.2817,169.8464,36.95,83,100,14.29,overcast clouds
276,Raudeberg,NO,61.9875,5.1352,50.67,1,100,27.49,overcast clouds
277,Hamilton,US,39.1834,-84.5333,78.15,30,75,3.0,broken clouds
278,Krasnyy Chikoy,RU,50.3643,108.7512,23.07,83,7,2.13,clear sky
279,Fairbanks,US,64.8378,-147.7164,46.22,81,82,2.35,broken clouds
280,Khorixas,NA,-20.3667,14.9667,69.1,28,0,4.47,clear sky
281,Lima,PE,-12.0432,-77.0282,62.85,68,75,4.61,broken clouds
282,Pevek,RU,69.7008,170.3133,28.96,81,100,9.51,overcast clouds
283,The Pas,CA,53.8251,-101.2541,39.22,65,75,13.8,broken clouds
284,Priargunsk,RU,50.3691,119.1012,24.84,56,7,4.5,clear sky
285,Husavik,IS,66.0449,-17.3389,36.7,97,100,39.35,overcast clouds
286,Mana,GF,5.6592,-53.7767,82.96,71,26,11.56,scattered clouds
287,Tambacounda,SN,13.7539,-13.7586,84.15,70,7,7.92,clear sky
288,Ostrovnoy,RU,68.0531,39.5131,46.87,90,100,13.18,overcast clouds
289,Mackay,AU,-21.15,149.2,68.68,81,14,9.66,few clouds
290,Gawler,AU,-34.6,138.7333,56.1,94,0,3.85,clear sky
291,Pringsewu,ID,-5.3582,104.9744,73.02,96,100,3.06,overcast clouds
292,Mount Gambier,AU,-37.8333,140.7667,57.11,94,100,10.36,overcast clouds
293,San Policarpo,PH,12.1791,125.5072,80.92,78,100,4.32,overcast clouds
294,Pangnirtung,CA,66.1451,-65.7125,33.8,93,100,0.0,light snow
295,Kempele,FI,64.9131,25.5034,46.42,100,100,9.22,overcast clouds
296,Fortuna,US,40.5982,-124.1573,70.93,75,7,1.01,clear sky
297,Russell,US,32.3502,-85.1999,81.97,16,88,7.07,overcast clouds
298,Severo-Yeniseyskiy,RU,60.3725,93.0408,29.26,98,100,4.7,snow
299,Taoudenni,ML,22.6783,-3.9836,98.24,10,2,3.8,clear sky
300,Pudozh,RU,61.8099,36.5345,40.75,94,15,2.42,few clouds
301,Tacuati,PY,-23.45,-56.5833,77.13,88,56,6.24,broken clouds
302,Mogadishu,SO,2.0371,45.3438,77.65,86,97,13.51,overcast clouds
303,Chabua,IN,27.4825,95.1736,72.91,98,100,1.83,overcast clouds
304,Hasaki,JP,35.7333,140.8333,59.4,80,100,22.75,light rain
305,La Libertad,EC,-2.2333,-80.9,74.86,73,75,12.66,broken clouds
306,Bukama,CD,-9.2,25.85,79.7,46,97,4.43,overcast clouds
307,Souillac,MU,-20.5167,57.5167,71.98,73,40,8.05,scattered clouds
308,Colares,PT,38.7992,-9.4469,71.28,79,0,20.71,clear sky
309,Bethel,US,41.3712,-73.414,62.19,86,100,3.44,overcast clouds
310,Saint Anthony,US,45.0205,-93.218,73.26,66,75,6.91,broken clouds
311,Faanui,PF,-16.4833,-151.75,77.59,75,40,26.31,light rain
312,Warmbad,NA,-28.45,18.7333,69.55,17,95,11.43,overcast clouds
313,Bambous Virieux,MU,-20.3428,57.7575,71.85,73,40,8.05,scattered clouds
314,Belomorsk,RU,64.5232,34.7668,44.33,89,54,7.25,broken clouds
315,Bambanglipuro,ID,-7.95,110.2833,76.17,85,100,8.88,overcast clouds
316,Jumla,NP,29.2747,82.1838,56.5,93,100,2.98,overcast clouds
317,Oistins,BB,13.0667,-59.5333,80.69,83,75,24.16,broken clouds
318,Yenagoa,NG,4.9247,6.2642,75.79,93,46,5.23,light rain
319,Grao Mogol,BR,-16.5594,-42.8897,70.57,76,91,2.75,overcast clouds
320,Verkh-Usugli,RU,52.7,115.1667,20.28,73,5,2.84,clear sky
321,Byron Bay,AU,-28.65,153.6167,59.94,86,100,2.98,overcast clouds
322,Cherskiy,RU,68.75,161.3,22.93,78,100,8.25,overcast clouds
323,Dzilam Gonzalez,MX,21.2833,-88.9333,84.96,43,4,8.59,clear sky
324,San Rafael,AR,-34.6177,-68.3301,66.2,29,66,11.03,broken clouds
325,Bhanpura,IN,24.513,75.7469,77.95,81,99,6.73,overcast clouds
326,Provideniya,RU,64.3833,-173.3,39.87,96,100,15.73,light rain
327,Pasni,PK,25.2631,63.471,78.42,88,0,9.75,clear sky
328,Preston,GB,53.7667,-2.7167,54.9,82,4,21.79,clear sky
329,Longyearbyen,SJ,78.2186,15.6401,40.84,70,20,18.41,few clouds
330,Vila Velha,BR,-20.3297,-40.2925,76.95,83,75,8.05,broken clouds
331,Straubing,DE,48.8833,12.5667,56.34,84,83,4.41,broken clouds
332,Kodinsk,RU,58.6881,99.1844,33.49,99,100,4.47,light snow
333,Sredniy Ikorets,RU,51.0675,39.7584,45.19,89,23,10.27,few clouds
334,Brae,GB,60.3964,-1.353,50.07,84,85,33.89,light rain
335,Geilo,NO,60.5333,8.2076,45.39,85,99,9.6,light rain
336,Aasiaat,GL,68.7098,-52.8699,25.18,72,36,6.49,scattered clouds
337,Warrnambool,AU,-38.3833,142.4833,54.09,92,100,16.08,overcast clouds
338,Lunenburg,CA,44.3835,-64.3155,62.49,87,100,14.97,overcast clouds
339,Ust-Koksa,RU,50.2696,85.6108,35.29,63,92,1.63,overcast clouds
340,Verkhniye Tatyshly,RU,56.2912,55.8575,50.81,35,100,13.98,overcast clouds
341,Anori,BR,-3.7728,-61.6442,93.94,36,97,3.56,overcast clouds
342,College,US,64.8569,-147.8028,46.2,81,83,2.06,broken clouds
343,Bundaberg,AU,-24.85,152.35,62.22,91,42,1.99,scattered clouds
344,Warah,PK,27.4481,67.7978,83.35,32,0,9.69,clear sky
345,Japura,ID,-0.3167,102.35,72.95,97,100,0.38,overcast clouds
346,Adrar,MR,20.5022,-10.0711,95.9,12,7,10.92,clear sky
347,Miraflores,MX,19.2167,-98.8083,70.03,64,81,2.13,broken clouds
348,Guiratinga,BR,-16.3494,-53.7583,83.26,52,97,10.94,overcast clouds
349,Dicabisagan,PH,17.0818,122.4157,77.27,88,85,4.0,overcast clouds
350,Newtownards,GB,54.5924,-5.6909,50.74,81,20,13.8,few clouds
351,Dhidhdhoo,MV,6.8833,73.1,80.89,80,100,17.63,overcast clouds
352,Vestmannaeyjar,IS,63.4427,-20.2734,45.86,70,82,18.84,broken clouds
353,Teguise,ES,29.0605,-13.564,70.02,78,20,17.27,few clouds
354,Sangar,RU,63.9242,127.4739,22.6,78,100,6.24,overcast clouds
355,Bani,DO,18.2833,-70.3333,87.24,67,65,11.79,broken clouds
356,Surt,LY,31.2089,16.5887,76.42,60,1,13.87,clear sky
357,Corn Island,NI,12.1694,-83.0418,83.21,71,100,8.19,overcast clouds
358,Stephenville,US,32.2207,-98.2023,89.24,23,0,5.75,clear sky
359,Basco,PH,20.4487,121.9702,82.6,77,23,16.98,few clouds
360,Warwick,US,41.7001,-71.4162,59.9,91,100,26.46,mist
361,Bayan,CN,46.0833,127.4,30.56,50,2,5.64,clear sky
362,Iquique,CL,-20.2208,-70.1431,62.64,65,3,11.01,clear sky
363,Lalibela,ET,12.0333,39.0333,55.62,66,17,7.52,few clouds
364,Sampit,ID,-2.5333,112.95,73.63,98,100,1.01,overcast clouds
365,Petatlan,MX,17.5167,-101.2667,87.53,62,11,6.04,few clouds
366,Barra Do Garcas,BR,-15.89,-52.2567,79.38,73,40,11.5,scattered clouds
367,Gravdal,NO,68.1214,13.5031,48.43,76,100,21.5,overcast clouds
368,Qitaihe,CN,45.8,130.85,30.4,55,0,4.41,clear sky
369,Timra,SE,62.487,17.3257,55.67,94,100,13.8,overcast clouds
370,Alofi,NU,-19.0595,-169.9187,78.69,83,99,9.22,overcast clouds
371,Ust-Nera,RU,64.5667,143.2,8.53,96,100,2.77,overcast clouds
372,Olafsvik,IS,64.8945,-23.7142,44.33,68,100,9.64,overcast clouds
373,Nushki,PK,29.5542,66.0215,70.32,11,0,1.7,clear sky
374,Batouri,CM,4.4333,14.3667,68.47,97,93,1.95,light rain
375,Yerbogachen,RU,61.2767,108.0108,26.76,83,82,4.61,broken clouds
376,Safranbolu,TR,41.2508,32.6942,52.47,89,97,1.9,overcast clouds
377,Abu Samrah,SY,35.3029,37.1841,73.13,46,2,5.7,clear sky
378,Sept-Iles,CA,50.2001,-66.3821,54.12,83,75,4.61,broken clouds
379,Pemangkat,ID,1.1667,108.9667,76.8,88,100,3.36,overcast clouds
380,Huaraz,PE,-9.5333,-77.5333,61.45,56,93,8.14,light rain
381,Lincoln,US,40.8,-96.667,77.29,53,60,5.99,broken clouds
382,Rondonopolis,BR,-16.4708,-54.6356,84.4,57,93,6.24,overcast clouds
383,Igrim,RU,63.1906,64.4162,43.38,98,100,6.58,overcast clouds
384,Kakonko,TZ,-3.2828,30.9642,70.93,60,84,3.02,broken clouds
385,Saint George,US,37.1041,-113.5841,86.43,23,0,1.99,clear sky
386,Maniitsoq,GL,65.4167,-52.9,33.87,58,13,5.17,few clouds
387,Tazovskiy,RU,67.4667,78.7,34.25,77,100,4.0,overcast clouds
388,Vila Franca Do Campo,PT,37.7167,-25.4333,71.2,88,98,9.42,light rain
389,Alice Springs,AU,-23.7,133.8833,60.35,77,0,0.0,clear sky
390,Hemsedal,NO,60.8629,8.5534,47.16,89,99,6.24,overcast clouds
391,Kamenka,RU,51.3223,42.7678,48.42,79,88,8.43,overcast clouds
392,Airai,TL,-8.9266,125.4092,58.96,79,89,2.28,overcast clouds
393,Troyes,FR,48.3333,4.0833,59.77,88,0,8.05,clear sky
394,Ostrovskoye,RU,57.8057,42.2433,44.65,93,100,5.1,overcast clouds
395,Evensk,RU,61.95,159.2333,30.92,80,98,16.46,overcast clouds
396,Kalemie,CD,-5.9475,29.1947,75.96,43,41,1.61,scattered clouds
397,That Phanom,TH,16.9364,104.7104,73.11,92,70,4.29,broken clouds
398,Xiaoweizhai,CN,26.1903,107.5125,66.24,94,69,1.9,broken clouds
399,Kangaatsiaq,GL,68.3065,-53.4641,34.99,68,93,14.67,overcast clouds
400,Maputo,MZ,-25.9653,32.5892,74.88,83,20,17.27,few clouds
401,Suraabad,AZ,40.8192,49.4687,69.66,75,0,13.06,clear sky
402,Vila Do Maio,CV,15.1333,-23.2167,84.99,77,12,7.45,few clouds
403,Anadyr,RU,64.75,177.4833,43.3,93,40,40.26,scattered clouds
404,Honiara,SB,-9.4333,159.95,77.83,79,100,5.77,overcast clouds
405,Kajaani,FI,64.2273,27.7285,46.45,93,100,11.5,overcast clouds
406,Robinson,US,31.4677,-97.1147,91.02,26,0,3.0,clear sky
407,Taltal,CL,-25.4,-70.4833,61.48,61,13,5.26,few clouds
408,Hovd,MN,48.0056,91.6419,36.23,34,44,4.83,scattered clouds
409,Meadow Lake,US,34.8014,-106.5436,59.58,58,98,4.68,light rain
410,Barinas,VE,8.6226,-70.2075,95.04,55,94,5.75,overcast clouds
411,Bichena,ET,10.45,38.2,52.38,75,35,4.59,scattered clouds
412,Sao Paulo De Olivenca,BR,-3.3783,-68.8725,85.96,61,99,0.31,light rain
413,Bud,US,39.447,-86.1758,78.85,30,46,3.4,scattered clouds
414,Henties Bay,NA,-22.116,14.2845,54.79,93,5,9.48,clear sky
415,Neyshabur,IR,36.2133,58.7958,62.4,21,0,4.03,clear sky
416,Northam,GB,51.0333,-4.2167,56.61,74,0,23.04,clear sky
417,Strezhevoy,RU,60.7333,77.5889,37.09,77,100,4.52,overcast clouds
418,Tigil,RU,57.8,158.6667,34.25,71,79,24.87,broken clouds
419,Pierre,US,44.3683,-100.351,73.85,58,9,5.99,clear sky
420,Barranca,PE,-10.75,-77.7667,64.45,69,6,13.13,clear sky
421,Krasnoshchekovo,RU,51.6708,82.7289,44.11,51,100,7.23,overcast clouds
422,Plettenberg Bay,ZA,-34.0527,23.3716,55.44,86,100,4.0,overcast clouds
423,Port Shepstone,ZA,-30.7414,30.455,68.27,93,17,8.75,few clouds
424,Laguna,US,38.421,-121.4238,90.09,43,0,5.75,clear sky
425,Tanda,IN,26.55,82.65,71.74,97,100,11.86,very heavy rain
426,Tursunzoda,TJ,38.5144,68.2333,62.31,29,20,5.06,few clouds
427,Camacha,PT,33.0833,-16.3333,67.42,68,40,13.8,scattered clouds
428,Domoni,KM,-12.2569,44.5319,74.48,81,0,4.07,clear sky
429,Gabu,GW,12.2833,-14.2167,78.66,90,91,4.61,light rain
430,Altamirano,MX,16.8833,-92.15,73.94,44,25,5.57,scattered clouds
431,Kalawit,PH,8.0667,122.5167,78.49,87,100,4.97,overcast clouds
432,Leningradskiy,RU,69.3833,178.4167,26.73,87,100,12.12,overcast clouds
433,Kruisfontein,ZA,-34.0033,24.7314,55.89,83,76,4.97,broken clouds
434,Elk City,US,35.412,-99.4043,80.82,22,40,0.0,scattered clouds
435,Bubaque,GW,11.2833,-15.8333,82.33,77,27,8.55,scattered clouds
436,Benito Juarez,MX,19.385,-99.165,71.01,51,60,3.0,broken clouds
437,Dubbo,AU,-32.25,148.6167,55.53,94,100,9.22,overcast clouds
438,Dolores,AR,-36.3132,-57.6792,65.64,49,100,10.65,light rain
439,Amuntai,ID,-2.4177,115.2494,72.75,98,93,1.05,overcast clouds
440,Ankazoabo,MG,-22.2833,44.5167,77.41,47,0,10.16,clear sky
441,Katiola,CI,8.1333,-5.1,73.29,91,64,2.28,broken clouds
442,Westport,US,41.1415,-73.3579,62.31,90,100,10.36,thunderstorm
443,Hami,CN,42.8,93.45,52.74,46,0,4.97,clear sky
444,Ambon,ID,-3.6954,128.1814,75.34,94,20,6.91,few clouds
445,Sosnogorsk,RU,63.6023,53.8817,42.84,91,100,6.33,light rain
446,Kalabo,ZM,-14.97,22.6814,76.68,18,98,5.41,overcast clouds
447,Mehendiganj,BD,22.8167,90.5333,79.0,88,62,4.29,broken clouds
448,Oriximina,BR,-1.7656,-55.8661,96.01,36,87,7.49,overcast clouds
449,Grindavik,IS,63.8424,-22.4338,43.27,81,75,8.05,broken clouds
450,Key West,US,24.5557,-81.7826,82.0,69,2,11.99,clear sky
451,Vaitape,PF,-16.5167,-151.75,77.61,75,38,26.37,light rain
452,Fort-Shevchenko,KZ,44.5086,50.263,66.69,54,52,9.89,broken clouds
453,Kenora,CA,49.8167,-94.4337,60.78,59,100,4.0,overcast clouds
454,Siaya,KE,0.0612,34.2882,64.6,84,80,2.57,broken clouds
455,Tadine,NC,-21.55,167.8833,72.0,58,100,8.72,overcast clouds
456,Douglas,US,41.3,-96.167,74.61,49,40,12.66,scattered clouds
457,Walvis Bay,NA,-22.9575,14.5053,55.4,87,0,16.42,clear sky
458,Vanimo,PG,-2.6741,141.3028,77.72,90,100,6.06,overcast clouds
459,Kenai,US,60.5544,-151.2583,52.03,84,98,14.79,light rain
460,Bandarbeyla,SO,9.4942,50.8122,77.41,83,72,18.01,broken clouds
461,Itarema,BR,-2.9248,-39.9167,80.46,74,44,18.16,scattered clouds
462,Jalu,LY,29.0331,21.5482,78.66,38,1,8.59,clear sky
463,Santa Cruz De Tenerife,ES,28.4682,-16.2546,77.45,71,20,12.66,few clouds
464,Takoradi,GH,4.8845,-1.7554,76.08,91,7,7.47,clear sky
465,Isangel,VU,-19.55,169.2667,73.96,72,29,9.95,scattered clouds
466,Tabuk,PH,17.4189,121.4443,73.2,94,99,1.9,overcast clouds
467,Huarmey,PE,-10.0681,-78.1522,66.72,69,4,13.18,clear sky
468,Ipixuna,BR,-1.7625,-48.8043,84.97,64,20,7.9,few clouds
469,Jasper,US,37.2001,-94.3502,86.95,26,86,3.0,overcast clouds
470,Leshan,CN,29.5623,103.7639,61.47,88,100,2.98,light rain
471,Mindelo,CV,16.8901,-24.9804,80.15,78,75,8.05,broken clouds
472,Buchanan,LR,5.8808,-10.0467,77.97,88,100,6.51,light rain
473,Villamontes,BO,-21.25,-63.5,103.32,19,3,11.97,clear sky
474,Cockburn Town,TC,21.4612,-71.1419,83.88,67,45,5.55,scattered clouds
475,Rong Kwang,TH,18.339,100.3174,72.77,97,100,1.45,overcast clouds
476,Puerto Escondido,MX,15.85,-97.0667,85.24,64,55,6.71,broken clouds
477,Ypsonas,CY,34.6884,32.9574,74.37,69,20,12.66,few clouds
478,Thonon-Les-Bains,FR,46.25,6.5,55.8,75,0,5.1,clear sky
479,Bayamo,CU,20.3792,-76.6433,84.85,75,79,8.05,broken clouds
480,Tamiahua,MX,21.2667,-97.45,76.33,79,95,8.86,overcast clouds
481,Sambava,MG,-14.2667,50.1667,68.85,90,5,10.42,light rain
482,Jacareacanga,BR,-6.2222,-57.7528,90.5,41,95,2.75,overcast clouds
483,Kisangani,CD,0.5167,25.2,69.31,97,100,1.16,light rain
484,Concordia,AR,-31.393,-58.0209,74.21,53,83,9.57,broken clouds
485,Killybegs,IE,54.6333,-8.45,52.81,76,43,23.91,scattered clouds
486,Okha,RU,53.5739,142.9478,33.67,73,100,19.22,overcast clouds
487,Mananara,MG,-16.1667,49.7667,68.02,92,85,4.07,light rain
488,Khani,GE,41.9563,42.9566,54.97,98,100,2.48,overcast clouds
489,Rosarito,MX,32.3333,-117.0333,82.63,74,30,8.68,scattered clouds
490,Dickinson,US,29.4608,-95.0513,89.1,48,0,6.91,clear sky
491,Dali,CN,25.7,100.1833,61.29,93,92,4.12,overcast clouds
492,At-Bashi,KG,41.1702,75.8106,44.64,53,100,2.24,overcast clouds
493,Kiruna,SE,67.8557,20.2251,34.72,100,100,6.91,overcast clouds
494,Diamantino,BR,-14.4086,-56.4461,91.67,40,98,7.76,overcast clouds
495,San Fernando,PH,15.0286,120.6898,75.56,90,87,4.65,overcast clouds
496,Oktyabrskiy,RU,54.4815,53.471,46.4,79,100,10.2,light rain
497,Cortland,US,42.6001,-76.083,69.96,39,0,8.05,clear sky
498,Druzhba,UA,52.0428,33.9453,47.28,92,100,9.28,light rain
499,Severnoye,RU,56.3491,78.3619,41.38,97,100,2.89,light rain
500,Austin,US,30.2672,-97.7431,93.11,33,0,3.0,clear sky
501,Chapais,CA,49.7834,-74.8492,55.44,91,100,8.1,overcast clouds
502,Saint-Georges,GD,12.0564,-61.7485,78.48,94,75,25.32,broken clouds
503,Saint Andrews,US,34.0454,-81.1293,78.6,33,0,7.09,clear sky
504,Jiwani,PK,25.05,61.7417,80.04,81,0,7.2,clear sky
505,Bam,IR,29.106,58.357,78.96,12,0,12.93,clear sky
506,Panaba,MX,21.2833,-88.2667,89.65,32,0,13.49,clear sky
507,Hambantota,LK,6.1241,81.1185,78.64,81,100,16.58,overcast clouds
508,Katherine,AU,-14.4667,132.2667,82.72,65,75,4.61,broken clouds
509,Newburyport,US,42.8126,-70.8773,60.49,85,100,5.99,overcast clouds
510,Pangody,RU,65.85,74.4859,31.06,93,19,2.04,few clouds
511,Deputatskiy,RU,69.3,139.9,8.85,93,100,5.86,overcast clouds
512,Mandalgovi,MN,45.7625,106.2708,32.27,33,0,7.85,clear sky
513,Tommot,RU,58.9564,126.2925,28.13,95,100,9.75,light snow
514,Ponte Nova,BR,-20.4164,-42.9086,82.92,56,20,3.76,few clouds
515,Kununurra,AU,-15.7667,128.7333,82.38,61,40,4.61,scattered clouds
516,Broome,US,42.2506,-75.833,71.02,54,40,4.0,scattered clouds
517,Laukaa,RU,58.7372,29.8453,48.4,97,100,6.35,overcast clouds
518,Lyuban,BY,52.7985,28.0048,50.09,86,100,9.37,overcast clouds
519,Hay River,CA,60.8156,-115.7999,47.14,42,0,10.0,clear sky
520,Ponta Delgada,PT,37.7333,-25.6667,71.51,88,75,5.75,broken clouds
521,Dejen,ET,10.1667,38.1333,52.84,75,36,5.23,scattered clouds
522,Truth Or Consequences,US,33.1284,-107.2528,75.9,56,0,5.75,clear sky
523,Obregon,NI,11.9566,-85.9636,86.85,63,56,6.91,broken clouds
524,Mikhaylovsk,RU,45.1283,42.0256,53.82,100,75,2.24,broken clouds
525,Arlit,NE,18.7369,7.3853,95.52,13,7,17.78,clear sky
526,Guerrero Negro,MX,27.9769,-114.0611,76.26,61,6,8.95,clear sky
527,Mersin,TR,36.862,34.6509,74.16,74,0,3.58,clear sky
528,Nea Stira,GR,38.1833,24.2,65.98,49,0,19.15,clear sky
529,Sao Miguel Do Araguaia,BR,-13.275,-50.1628,99.88,19,60,3.85,broken clouds
530,Amapa,BR,1.0,-52.0,91.81,39,99,5.75,overcast clouds
531,Lewisporte,CA,49.2499,-55.0482,67.55,53,55,4.29,broken clouds
532,Sur,OM,22.5667,59.5289,81.63,60,1,9.57,clear sky
533,Jizan,SA,17.3333,42.6667,87.53,64,72,2.66,broken clouds
534,Bardiyah,LY,31.7561,25.0865,72.91,58,0,13.4,clear sky
535,Chatham,GB,51.3789,0.5279,57.22,62,1,8.99,clear sky
536,Slave Lake,CA,55.2834,-114.769,42.78,81,100,10.36,overcast clouds
537,Pokaran,IN,26.9167,71.9167,87.22,18,3,5.41,clear sky
538,Qujing,CN,25.4833,103.7833,57.42,94,49,4.43,scattered clouds
539,Carutapera,BR,-1.195,-46.02,83.43,68,17,11.3,few clouds
540,Ukiah,US,39.1502,-123.2078,90.37,45,0,4.05,clear sky
541,Moa,CU,20.6569,-74.9403,83.68,75,99,7.85,overcast clouds
542,Kargat,RU,55.1956,80.2811,42.39,98,100,2.46,light rain
543,Riesa,DE,51.3,13.3,62.35,78,100,16.02,overcast clouds
544,Bulungu,CD,-4.55,18.6,75.43,80,94,1.14,overcast clouds
545,Newtonmore,GB,57.066,-4.1192,44.76,90,91,15.21,heavy intensity rain
546,Isiro,CD,2.7739,27.616,65.89,99,75,1.88,moderate rain
547,Lavumisa,SZ,-27.31,31.892,73.33,76,91,4.05,overcast clouds
548,Yamada,JP,39.4667,141.95,48.0,72,53,6.2,broken clouds
549,Paracuru,BR,-3.41,-39.0306,80.11,75,8,15.12,clear sky
550,Batemans Bay,AU,-35.7167,150.1833,57.09,95,100,11.95,light rain
551,Shingu,JP,33.7333,135.9833,63.82,79,100,4.74,overcast clouds
552,Ferrol,ES,43.4832,-8.2369,63.12,95,100,15.48,overcast clouds
553,Semey,KZ,50.4111,80.2275,42.19,40,33,4.27,scattered clouds
554,Cottonwood,US,34.7392,-112.0099,86.79,27,3,3.0,clear sky
555,Malazgirt,TR,39.1427,42.5401,65.05,24,100,5.91,overcast clouds
556,Morristown,US,36.214,-83.2949,74.95,31,0,4.61,clear sky
557,Dudinka,RU,69.4058,86.1778,28.33,93,100,5.77,overcast clouds
558,Alugan,PH,12.2188,125.4808,80.31,79,100,4.16,overcast clouds
559,Norfolk,US,42.1668,-71.2495,58.96,96,100,6.91,mist
560,Ocala,US,29.1872,-82.1401,82.98,48,0,6.91,clear sky
561,Skjervoy,NO,70.0311,20.9714,46.4,83,69,14.07,broken clouds
562,Kathu,TH,7.9178,98.3332,84.69,99,100,7.87,overcast clouds
563,Bimbo,CF,4.2567,18.4158,72.9,94,99,1.48,overcast clouds
564,Solnechnyy,RU,50.7214,136.6319,31.06,51,5,8.9,clear sky
565,Luganville,VU,-15.5333,167.1667,78.39,83,98,11.27,overcast clouds
566,Mozarlandia,BR,-14.7447,-50.5706,91.71,32,99,6.22,overcast clouds
567,Cayenne,GF,4.9333,-52.3333,87.84,62,0,13.8,clear sky
568,Alihe,CN,50.5667,123.7167,23.72,61,1,3.06,clear sky
569,Mayo,US,38.8876,-76.5119,64.81,89,100,6.91,mist
570,Balad,IQ,34.0164,44.1453,87.21,13,0,5.01,clear sky
571,Darhan,MN,49.4867,105.9228,30.61,48,1,3.8,clear sky
572,Gidam,IN,18.9833,81.4,71.98,96,100,1.41,overcast clouds
573,Cortez,US,37.3489,-108.5859,64.04,55,20,9.22,few clouds
574,Barao De Melgaco,BR,-16.1944,-55.9675,97.43,30,94,9.35,overcast clouds
575,Kailua,US,21.4022,-157.7394,84.18,74,40,6.91,scattered clouds
576,Shirokiy,RU,49.758,129.523,27.03,65,3,8.08,clear sky
577,Manggar,ID,-2.8833,108.2667,79.79,81,96,2.8,overcast clouds
578,Umaria,IN,23.5333,80.8333,72.12,96,65,4.59,broken clouds
579,Leshukonskoye,RU,64.8989,45.7622,45.25,94,100,2.95,overcast clouds
580,Poum,NC,-20.2333,164.0167,72.64,65,47,11.14,scattered clouds
581,Damaturu,NG,11.747,11.9608,81.9,55,29,7.76,scattered clouds
582,Hengyang,CN,26.8881,112.615,54.81,80,100,8.08,overcast clouds
583,Kolpashevo,RU,58.3131,82.9089,38.3,87,100,4.61,overcast clouds
584,Santona,ES,43.4439,-3.4576,68.07,91,0,5.12,clear sky
585,Aksu,CN,41.1231,80.2644,57.85,28,87,4.41,overcast clouds
586,Wolfsburg,DE,52.4333,10.8,63.45,68,3,15.12,clear sky
587,Dharchula,IN,29.85,80.5333,64.38,87,61,3.24,broken clouds
588,Stornoway,GB,58.2093,-6.3865,49.96,88,40,17.27,light rain
589,Okakarara,NA,-20.5833,17.4333,77.63,12,45,9.33,scattered clouds
590,Ahuimanu,US,21.4447,-157.8378,83.91,72,40,10.36,scattered clouds
591,Lakes Entrance,AU,-37.8811,147.981,52.16,94,100,18.84,light rain
592,Korla,CN,41.7597,86.1469,55.26,34,0,7.05,clear sky
593,Roebourne,AU,-20.7833,117.1333,72.21,33,11,12.91,few clouds
594,Capao Da Canoa,BR,-29.7456,-50.0097,63.88,76,96,16.6,overcast clouds
595,French Harbor,HN,16.35,-86.4333,79.07,91,75,4.61,broken clouds
596,Maumelle,US,34.8668,-92.4043,84.58,32,0,3.0,clear sky
597,Krasnoselkup,RU,65.7,82.4667,32.85,94,100,9.1,overcast clouds
598,Sorland,NO,67.667,12.6934,49.86,73,100,28.59,overcast clouds
599,Invermere,CA,50.5167,-116.0354,75.07,34,60,2.44,broken clouds
600,Toropets,RU,56.4978,31.6353,46.6,98,100,6.13,overcast clouds
601,Pacifica,US,37.6138,-122.4869,84.63,80,20,8.05,mist
602,Bonavista,CA,48.6499,-53.1147,59.32,65,10,9.24,clear sky
603,Northampton,US,40.8754,-75.2499,61.95,90,98,4.97,overcast clouds
604,Mount Dora,US,28.8025,-81.6445,84.78,46,0,3.0,clear sky
605,Praxedis Guerrero,MX,31.3667,-106.0167,74.66,37,29,2.06,scattered clouds
606,Progreso,MX,21.2833,-89.6667,88.11,52,0,10.22,clear sky
607,Tautira,PF,-17.7333,-149.15,76.42,72,18,24.14,few clouds
608,Fereydun Kenar,IR,36.6864,52.5225,74.71,68,0,2.57,clear sky
609,Urman,RU,54.8831,56.8742,49.95,45,100,5.64,overcast clouds
610,Palasbari,IN,26.1361,91.5486,75.02,97,100,3.15,overcast clouds
611,Slidell,US,30.2752,-89.7812,85.3,50,17,5.01,few clouds
612,Hiriyur,IN,13.9456,76.6192,72.97,82,98,11.25,overcast clouds
613,Fort Dodge,US,42.4975,-94.168,72.54,77,40,0.0,scattered clouds
614,Bayji,IQ,34.9311,43.487,88.29,12,0,8.34,clear sky
615,Urgut,UZ,39.4022,67.2431,49.62,28,0,1.03,clear sky
616,Lanzhou,CN,36.0564,103.7922,49.08,77,100,2.01,overcast clouds
617,Kilifarevo,BG,42.9833,25.6333,42.37,100,98,0.0,overcast clouds
618,Jinchang,CN,38.4953,102.1739,49.39,56,20,3.09,few clouds
619,Nybro,SE,56.7446,15.9071,58.05,85,59,12.41,broken clouds
620,Kutum,SD,14.2,24.6667,84.09,25,94,9.15,overcast clouds
621,Macklin,CA,52.3334,-109.9348,49.59,52,100,11.18,overcast clouds
622,Golyshmanovo,RU,56.3979,68.3728,44.73,47,100,8.12,overcast clouds
623,Puerto Narino,CO,-3.7703,-70.3831,90.9,51,99,2.42,overcast clouds
624,Ambilobe,MG,-13.2,49.05,69.31,81,1,3.98,clear sky
625,Vao,NC,-22.6667,167.4833,70.48,56,99,8.68,overcast clouds
626,Kenitra,MA,34.261,-6.5802,68.76,73,0,3.0,clear sky
627,Yanam,IN,16.7333,82.2167,77.32,95,100,2.04,overcast clouds
628,Berbera,SO,10.4396,45.0143,88.29,66,100,10.42,overcast clouds
629,Serov,RU,59.6033,60.5787,41.47,65,100,5.28,overcast clouds
630,Clyde River,CA,70.4692,-68.5914,25.92,83,99,19.42,light snow
631,Bijie,CN,27.3125,105.2942,58.32,95,100,4.54,overcast clouds
632,Zhicheng,CN,30.2956,111.5047,49.71,78,100,3.74,overcast clouds
633,Alexandria,EG,31.2156,29.9553,75.02,57,0,10.69,clear sky
634,Muisne,EC,0.6,-80.0333,78.06,74,65,11.61,broken clouds
635,Wahpeton,US,46.2652,-96.6059,75.22,41,0,10.36,clear sky
636,Okitipupa,NG,6.5047,4.7839,73.62,97,99,2.8,moderate rain
637,Coihaique,CL,-45.5752,-72.0662,49.95,62,100,6.91,overcast clouds
638,Andenes,NO,69.3143,16.1194,45.93,80,40,12.66,scattered clouds
639,Banos,EC,-1.4,-78.4167,81.61,69,77,5.91,light rain
640,Knysna,ZA,-34.0363,23.0471,54.97,89,100,3.09,overcast clouds
641,Puerto Ayacucho,VE,5.6639,-67.6236,82.06,84,100,4.56,overcast clouds
642,Turtas,RU,58.9417,69.1325,47.77,76,100,2.42,overcast clouds
643,Port Macquarie,AU,-31.4333,152.9167,56.89,93,100,5.08,overcast clouds
644,Santa Cruz Del Sur,CU,20.7147,-77.9956,84.11,69,35,1.63,scattered clouds
645,Nelson Bay,AU,-32.7167,152.15,62.01,97,100,3.0,light rain
646,Parintins,BR,-2.6283,-56.7358,93.22,39,99,4.45,overcast clouds
647,Shimanovsk,RU,52.0,127.7,28.0,65,22,7.85,few clouds
648,Marienburg,PL,54.0359,19.0266,53.89,74,97,9.55,overcast clouds
649,Novaya Bryan,RU,51.7159,108.2691,24.42,78,25,1.36,scattered clouds
650,Oranjemund,NA,-28.55,16.4333,55.98,88,34,10.65,scattered clouds
651,Uni,RU,57.7535,51.4923,45.09,73,100,11.36,overcast clouds
652,Marzuq,YE,14.4,46.4667,75.4,55,58,3.87,broken clouds
653,Ciudad Bolivar,VE,8.1222,-63.5497,90.12,54,77,2.28,broken clouds
654,Kerchevskiy,RU,59.946,56.2884,44.94,62,100,8.97,overcast clouds
655,Karpathos,GR,35.507,27.2132,69.76,64,0,31.07,clear sky
656,Banyo,CM,6.75,11.8167,65.44,93,68,1.77,light rain
657,Hailar,CN,49.2,119.7,25.16,64,33,7.52,scattered clouds
658,Gulabpura,IN,25.9,74.6667,78.03,68,3,4.97,clear sky
659,Yuanping,CN,38.7153,112.7575,41.25,68,84,0.98,broken clouds
660,Camaqua,BR,-30.8511,-51.8122,65.84,68,99,10.83,overcast clouds
661,Te Anau,NZ,-45.4167,167.7167,32.7,84,87,0.65,overcast clouds
662,Korem,ET,12.5058,39.5228,56.71,66,25,3.29,scattered clouds
663,Puerto Vallarta,MX,20.6204,-105.2307,87.91,66,40,8.05,scattered clouds
664,Svetlyy,RU,54.675,20.1347,53.65,74,95,12.68,overcast clouds
665,Belmonte,BR,-15.8631,-38.8828,77.61,75,2,11.25,clear sky
666,Kawalu,ID,-7.3817,108.2082,70.7,97,97,0.34,overcast clouds
667,Mount Pleasant,US,32.7941,-79.8626,78.31,41,0,10.36,clear sky
668,Phonhong,LA,18.5007,102.4166,73.18,94,78,2.19,light rain
669,Adoni,IN,15.6333,77.2833,72.16,91,100,10.58,overcast clouds
670,Sharjah,AE,25.3573,55.4033,84.47,79,0,2.26,clear sky
671,Matagami,CA,49.7502,-77.6328,59.0,88,100,10.92,overcast clouds
